son	temps_debut	temps_fin	f0_milieuV	f0_mean	intensite_milieuV	intensite_mean
A	1581.4696666666666	1581.486333333333	105.62703019619666	105.62860914700087	28.62538546172635	28.541429518040154
A	1581.486333333333	1581.503	105.31545317110483	105.3080815740656	24.481686880525345	24.82244013338148
A	1600.5079999999998	1600.5179999999998	--undefined--	--undefined--	35.19336935905228	36.04763999505214
A	1581.733	1581.756333333333	--undefined--	105.26904449971362	26.747867316031076	26.673250922801707
A	1600.5179999999998	1600.5279999999998	--undefined--	--undefined--	39.77747176489932	39.380095799576594
A	1581.7796666666666	1581.803	100.29115788035989	100.27359619710502	23.238551996073355	23.36689445949797
A	1585.9779999999998	1586.004666666667	--undefined--	--undefined--	20.628840494583446	20.448490960850133
A	1600.4979999999998	1600.5079999999998	--undefined--	--undefined--	30.51879001804573	31.044247442060417
A	1581.453	1581.4696666666666	--undefined--	102.05329568675675	28.97093029985601	28.554702966220308
A	1586.0313333333334	1586.058	--undefined--	366.1496224835232	16.747837042348372	17.131238161171744
A	1586.004666666667	1586.0313333333334	365.8590715650185	366.48788552898986	19.122630780923867	19.143989067208885
A	1610.592333333333	1610.6156666666666	122.03199688363041	121.93326418978272	61.048625802012374	60.914278190853004
A	1581.756333333333	1581.7796666666666	103.43337535060301	103.20718583233025	26.81238284402971	26.841615799436696
A	1610.569	1610.592333333333	124.57020937469004	124.87588109049854	59.52894894372283	59.56765636905579
A	1641.997333333333	1642.0106666666666	--undefined--	--undefined--	24.727088589086367	24.319090940671867
A	1641.374	1641.394	--undefined--	--undefined--	29.28990730455624	29.766124301736866
A	1642.0106666666666	1642.024	--undefined--	--undefined--	22.096980499211025	22.20509148323352
A	1645.3286666666665	1645.352	114.42063400354895	114.31405797357955	57.67955282478625	58.034103051709806
A	1641.354	1641.374	--undefined--	--undefined--	27.853247673982466	27.660841717251717
A	1641.394	1641.414	--undefined--	--undefined--	29.851856655377464	29.57092081883244
A	1641.984	1641.997333333333	--undefined--	--undefined--	21.455870833940722	21.71382798848615
A	1642.994	1643.004	--undefined--	--undefined--	29.21934233216553	29.150501792644743
A	1645.2820000000002	1645.3053333333332	128.5921077508071	128.10740467554407	61.45888244677862	61.53264806115303
A	1645.3053333333332	1645.3286666666665	124.25192352850553	123.81302202349617	63.179717249062584	63.088491838664766
A	1643.004	1643.014	--undefined--	104.92719183365082	28.941293726537424	28.960695684964698
A	1642.984	1642.994	--undefined--	--undefined--	28.65544278608603	28.592119328605378
A	1610.6156666666666	1610.639	121.0197238270575	120.29493843062215	59.95066028577332	59.60204244441921
A	1645.122	1645.132	118.3283862792573	118.32838627920876	65.68481008164392	65.6217583407591
A	1645.112	1645.122	120.26450051579856	120.26450051580227	65.75009759618729	65.68466765630389
A	1645.102	1645.112	120.88398788992757	120.88398788991614	65.05711381110504	65.01381963961669
A	1655.639	1655.679	121.54832176778339	122.18741527003218	55.60083065264732	56.229627354967356
A	1655.679	1655.7189999999996	133.66980410062897	130.58973389337746	48.420750464714985	48.47100319110305
A	1667.497	1667.517	244.0069804952472	243.78379565317928	56.05369790681433	56.90382612657614
A	1655.4323333333332	1655.4589999999996	140.03667554908122	139.6084320952462	63.068248687265275	62.98844989310513
A	1655.379	1655.4056666666665	136.17669190355124	135.7682988464324	65.87227487020225	65.6634180146129
A	1655.599	1655.639	127.43104851506168	126.72256496868637	60.936975269336855	59.8394064961846
A	1667.517	1667.537	239.27464959371846	239.63532492360116	62.049878544293094	61.93020279408091
A	1655.4056666666665	1655.4323333333332	140.4397342614191	140.25908333015943	65.46199260081359	65.38706358672529
A	1680.3483333333334	1680.361666666667	158.96303310709325	159.01045701390927	58.66841189662758	58.38108662744807
A	1668.31	1668.3466666666666	116.48135060774177	113.75342428791633	62.60266256886702	62.00512163835188
A	1672.94	1672.9633333333334	181.04195027099425	180.51341979964815	56.938774637844226	56.72286545820744
A	1672.7766666666666	1672.803333333333	168.2946061726306	167.50843756533123	57.833918091177445	57.884040278121496
A	1680.335	1680.3483333333334	168.65885475953223	168.6218823456465	56.3159719534712	56.27552782247839
A	1672.986666666667	1673.01	174.48278388285698	174.2743389208535	55.54694169147326	55.762431781448626
A	1672.75	1672.7766666666666	152.6786970513764	152.4703483982653	58.30531749423108	58.152464808194495
A	1680.361666666667	1680.375	153.22870650397135	153.26479594190812	56.82452779268825	56.83012125275643
A	1668.3466666666666	1668.3833333333332	103.45321379726009	103.91572210940072	61.45625272327198	61.25549471224443
A	1667.537	1667.557	241.91733766885596	241.6869131996072	62.52210988349708	62.24970351376376
A	1668.3833333333332	1668.4199999999996	103.192282587894	103.27188490885408	53.45733873681541	53.86566883701454
A	1672.803333333333	1672.83	172.74556505028977	172.9933202140128	56.62982070996602	56.46409394524306
A	1672.9633333333334	1672.986666666667	177.93288883962424	177.9286256636993	58.699513812926334	58.535449147633045
A	1693.0406666666665	1693.0773333333332	116.45070105000217	116.42755345710174	69.58432175537615	69.47233715649237
A	1704.4603333333332	1704.4969999999996	95.80666110457636	94.73222260081752	48.12443368449559	49.489276047882235
A	1709.4389999999999	1709.4489999999998	120.09842451777976	120.09842451778944	49.19889969976839	49.321924286073404
A	1705.369	1705.4023333333332	--undefined--	--undefined--	26.82834881108028	41.86841254903847
A	1704.4236666666666	1704.4603333333332	100.35438594052762	99.9736373790539	55.58788164189866	55.3638395104623
A	1704.207	1704.243666666667	--undefined--	133.16301526893096	60.03926105952414	61.445285815464146
A	1705.4023333333332	1705.4356666666665	--undefined--	117.26185918188025	59.23476651733202	59.187573954807206
A	1704.2803333333334	1704.317	115.94305054355142	115.72180803051386	58.697276606718646	59.023994612896104
A	1702.517	1702.5303333333334	143.8263760084577	143.82055992262295	51.35134382649652	51.28127444436912
A	1693.004	1693.0406666666665	125.54190158829601	125.2079400129627	70.2773145113967	69.99928020546876
A	1693.0773333333332	1693.1139999999998	112.45344192211708	112.13233602948326	65.76955958443521	65.79402954198402
A	1704.243666666667	1704.2803333333334	123.64084288286254	124.42697416316025	62.931416289468224	63.27884645074488
A	1705.4356666666665	1705.4689999999996	111.68112707332847	111.8581295262541	62.82092710443807	62.5678751924226
A	1704.3870000000002	1704.4236666666666	101.00504524051749	100.97495637689994	54.57415819246659	54.77186679564245
A	1702.543666666667	1702.557	134.53221204103417	134.5036110402632	49.3479603989846	49.270548861689285
A	1702.5303333333334	1702.543666666667	138.15203329839892	138.19900886390096	50.16180811034561	50.22260641776984
A	1740.1660000000002	1740.1760000000002	--undefined--	--undefined--	32.202499638141795	32.07978823534938
A	1709.4489999999998	1709.4589999999998	119.4261291159752	119.42612911597205	50.5391841427334	50.3616252458978
A	1713.6956666666665	1713.7423333333331	100.2404950201494	105.13669275444612	56.04761923089979	56.46219025300059
A	1715.6989999999998	1715.739	110.7883078479966	110.14949836171962	59.435083427378494	58.88193890112078
A	1715.9256666666665	1715.9489999999996	102.31023998437148	101.70394926657926	53.72708847788998	53.81834722866817
A	1713.7423333333331	1713.7889999999998	105.97393420358999	105.54124624157946	53.543232070412536	53.497892146625986
A	1711.719	1711.739	121.47397800348314	121.58046425885529	53.84754737012584	54.14867492023157
A	1713.149	1713.169	141.5557211232496	141.27494307683884	62.35441046315568	61.744158113973015
A	1715.739	1715.779	110.24601608667834	110.59518026548885	53.51783989690175	54.3697134791955
A	1740.156	1740.1660000000002	--undefined--	--undefined--	31.581008317495865	31.483086154955412
A	1711.6789999999999	1711.6989999999998	121.95656238585073	122.34943436191455	56.28286690149409	56.207697489440484
A	1713.189	1713.2089999999996	124.33240741574426	124.39138283953326	56.73405793241295	56.9341606577124
A	1740.1760000000002	1740.1860000000001	--undefined--	--undefined--	31.31729625475795	31.39377618294538
A	1713.649	1713.6956666666665	--undefined--	113.65206443571583	52.19013106246746	53.8895286041011
A	1711.6989999999998	1711.719	124.04132975150338	123.92814844161802	57.02459343814864	56.759379733150894
A	1713.169	1713.189	132.7573300272563	132.7933916775931	60.56186153155604	60.62688443126273
A	1715.879	1715.9023333333332	114.36179972640069	111.74364565468811	56.82583283479356	56.40806756841384
A	1715.6589999999999	1715.6989999999998	105.20440907026648	105.89548472732436	58.60373854924725	58.92802276998836
A	1715.9023333333332	1715.9256666666665	104.89859385786941	105.25227085201638	57.08700487659733	57.00996710973704
A	1709.4589999999998	1709.469	124.72276409922394	124.72276409925345	49.71217905346404	49.63713203738002
A	1759.736333333333	1759.7596666666666	126.86334099537098	126.94981066570011	26.630396283793473	26.468749715796697
A	1746.9	1746.91	117.39752488202772	117.39752488203182	38.71682957483962	38.65735079486092
A	1757.8329999999999	1757.8429999999998	138.11225147880782	138.11225147880782	36.18684578995066	36.15830812630714
A	1746.92	1746.93	116.7700083206994	116.7700083207018	38.76499195461122	38.75699407141508
A	1759.7596666666666	1759.783	125.17836039138912	124.93850795434668	26.983165660653906	26.756142296918558
A	1751.3020000000001	1751.332	106.00869434712683	106.02333712428734	28.600162659358723	28.267417941673823
A	1749.7133333333334	1749.736666666667	133.30065097921934	133.07111252107617	25.961409874491924	26.01110096847515
A	1749.736666666667	1749.76	129.11189914268076	129.0236682606244	27.35275333813485	27.205970537469128
A	1746.91	1746.92	117.03475683688488	117.03475683688133	38.97277724413495	38.93218198729212
A	1757.8229999999999	1757.8329999999999	138.5366051464938	138.53660514650113	36.258702709739005	36.130934041914976
A	1757.8429999999998	1757.8529999999998	133.88788618704106	133.8878861870553	35.77448814347311	35.76152704280882
A	1751.2720000000002	1751.3020000000001	--undefined--	--undefined--	23.721383078657876	24.734331867060998
A	1749.69	1749.7133333333334	135.17498667929453	135.11196815203206	25.020415203298757	25.03179851763725
A	1751.332	1751.362	106.01974325103173	105.9393961103991	27.329678226270016	27.288110828909797
A	1759.713	1759.736333333333	--undefined--	127.79056556266985	22.712456313159034	24.06348926753904
A	1764.7620000000002	1764.7820000000002	121.3520716301066	121.2581778252674	64.4359242652052	64.31836578118478
A	1762.7866666666666	1762.803333333333	153.03363021546934	152.94379825475187	72.28894943117145	72.06916221966162
A	1762.77	1762.7866666666666	153.6630241366764	153.89255530207117	71.16954425181024	71.01909629653358
A	1789.973	1790.013	97.76339927843186	98.319006011891	53.807378172859174	53.585617784969216
A	1760.3829999999998	1760.3929999999998	122.02375942016016	122.02375942016513	23.552330376586358	23.551775379719324
A	1760.3729999999998	1760.3829999999998	122.56269061301575	122.56269061300866	22.567195339783538	22.67499437578358
A	1764.8020000000001	1764.8220000000001	116.43949604412033	116.3562172525434	62.76381108330393	62.77981193780462
A	1762.803333333333	1762.82	150.1660752409857	149.9761877340412	69.60614009564273	69.63185759904843
A	1760.3929999999998	1760.4029999999998	121.18861552528396	121.18861552526853	24.2396212688218	24.13869475648017
A	1790.053	1790.0929999999996	90.73487622499043	91.35879514693396	46.153850501933924	47.91596813024887
A	1790.013	1790.053	96.60133276188267	96.7340026023974	54.30650870578025	53.822660764488774
A	1764.7820000000002	1764.8020000000001	118.62528028203995	118.65977484558114	64.78716370346182	64.64448896216217
A	1794.1529999999998	1794.183	109.22680098580837	109.09947549757436	57.00177868366829	57.0711835984152
A	1826.991	1827.011	162.191226482324	162.22354440896757	60.372463276404034	60.375790977612056
A	1795.9233333333334	1795.936666666667	103.838834578498	103.83719437174773	62.118444482353475	62.00301217953217
A	1795.936666666667	1795.95	101.15882811534982	101.12941964002025	60.950024544258916	60.85684452759644
A	1795.91	1795.9233333333334	106.29299010945002	106.28932010643406	61.679488087614935	61.63039497780364
A	1794.183	1794.213	100.00258610473495	99.82481811339538	50.233912584972785	50.22994632978865
A	1793.683	1793.693	107.91246998244452	107.91246998245981	59.975943437144004	59.81344917534028
A	1793.703	1793.713	102.35983276464263	102.35983276467276	58.52547742356627	58.531966125337995
A	1793.693	1793.703	105.56568890220515	105.56568890216394	60.050361417319344	59.921744655564694
A	1794.1229999999998	1794.1529999999998	--undefined--	112.95944034972634	56.09641085796004	56.37892694831581
A	1826.951	1826.971	162.91787857169783	162.9879692031161	61.47349890006743	61.60001248244683
A	1826.971	1826.991	164.1580504569467	164.02365142317146	61.05531293081789	61.029764677776555
A	1840.3763333333332	1840.399666666667	115.2613242892954	114.76530118809168	63.39005441649327	63.208452409862545
A	1844.3383333333331	1844.351666666667	106.50332538496613	106.51128409316519	69.97084139574083	69.85699774197246
A	1846.025	1846.055	129.17731632845783	128.63800283010792	60.57157741224139	60.58752800257524
A	1845.995	1846.025	130.39798862650647	130.29835167128698	63.36986893578636	63.313091259066645
A	1845.965	1845.995	128.66971954772487	128.88690523289648	63.19924343343435	62.933928060878955
A	1857.931	1857.957666666667	105.56362588366707	108.02247422661794	57.60655510096889	57.15565570459734
A	1840.3529999999998	1840.3763333333332	116.66834109432585	116.25232169677022	62.65670586299526	62.53931795663818
A	1844.351666666667	1844.365	105.2859191295106	105.28654062034259	69.00435771770532	68.98545210255385
A	1844.325	1844.3383333333331	108.3634505418002	108.3745381305557	69.499491403023	69.42520962223756
A	1840.399666666667	1840.4229999999998	109.94590095950082	109.19779627619732	60.133879927268616	60.32552258980374
A	1888.866	1888.896	156.4015696472911	157.14883095083567	43.893654418693295	45.111165337999225
A	1888.806	1888.836	171.46731261830726	172.15733149046977	57.83525816124749	57.772655312405305
A	1896.158	1896.178	--undefined--	--undefined--	48.69159270055325	51.10373914705002
A	1896.198	1896.218	111.62635917566588	112.04190411505766	57.8441024342344	57.29969416057523
A	1918.191	1918.231	116.87025459851489	117.70644553522007	22.761722446542414	23.509734604777684
A	1896.178	1896.198	124.88705502774559	123.85991272090521	57.40231737974658	57.117646366211325
A	1897.6813333333328	1897.708	130.324130390455	130.3027962723833	60.604566979624614	60.3770035852887
A	1857.957666666667	1857.984333333333	106.93870254380303	107.00605549685221	57.163318416818555	57.104052884898806
A	1897.628	1897.6546666666666	131.37849748039469	132.299110303179	60.02474193893671	59.739126216968046
A	1918.111	1918.151	--undefined--	--undefined--	15.799308921711873	19.09579488437677
A	1897.4713333333332	1897.504666666667	119.31711656016628	118.82982191863346	56.01190886901409	55.79008763779578
A	1918.151	1918.191	122.01921071358004	121.52327072734344	28.437207415368864	27.54233831879494
A	1897.6546666666666	1897.6813333333328	132.02929729315974	132.0786872802289	61.5500309287183	61.5285130450568
A	1897.504666666667	1897.5379999999998	115.70448281542129	115.90986322717883	54.760676403055534	54.23698047930286
A	1857.984333333333	1858.011	109.94397229136416	109.74321182729737	55.81033457004765	55.98659591114593
A	1918.3010000000002	1918.3243333333328	--undefined--	--undefined--	24.770937756047594	25.051928447917202
A	1888.836	1888.866	168.33917052274842	167.68157773957677	54.8450670475535	54.792936687166275
A	1897.4379999999999	1897.4713333333332	119.24214235148538	119.1463176295069	52.89784461131467	53.295370493602626
A	1923.1589999999999	1923.1723333333332	111.5909598709745	111.58239508921173	21.623029920814442	21.67482867975915
A	1921.6056666666666	1921.649	83.08232365974835	81.05639133619232	23.472651814014352	23.84143380142198
A	1921.519	1921.562333333333	--undefined--	--undefined--	23.64869230359978	26.027270003905624
A	1919.1143333333332	1919.127666666667	--undefined--	--undefined--	21.02353494988891	20.761943257586964
A	1919.101	1919.1143333333332	--undefined--	--undefined--	20.00780607753729	20.209943278426707
A	1921.562333333333	1921.6056666666666	--undefined--	79.70330445416357	25.4802819775486	26.211854972676928
A	1918.3243333333328	1918.3476666666666	119.10565343184302	118.71308617103732	28.43504286311304	28.133704549024916
A	1918.3476666666666	1918.371	118.53557893986395	118.52729499106337	25.264722294780935	25.658274142153907
A	1919.127666666667	1919.141	--undefined--	115.99269073773179	19.21190633259616	19.406931000730385
A	1923.185666666667	1923.1989999999998	110.17230989731512	110.17707776361914	22.34028911140288	22.281469843881467
A	1923.1723333333332	1923.185666666667	111.41317268045344	111.40014790197117	23.083625788820406	22.91726170732295
a	1660.9823333333334	1661.0556666666666	120.65831642345522	123.34570525107478	66.42109721058063	66.70261102296304
a	1661.0556666666666	1661.129	108.1742104106229	107.97628842126717	61.39069850436797	61.37030900553863
a	1660.9089999999999	1660.9823333333334	173.97773519403376	173.007334312821	70.20921960693218	69.56102884910963
a	1659.6989999999998	1659.729	106.0443906452937	106.3072266862792	63.34645779085276	63.390299026634835
a	1659.759	1659.789	103.69818783281023	103.65425891886268	55.91324334378064	56.34286747519798
a	1659.729	1659.759	106.26521638712444	106.05610337596765	61.26791851619968	61.22801525643307
a	1678.0179999999998	1678.044666666667	119.8929261489631	118.67858162937299	69.18747098400468	68.8002307421456
a	1675.816	1675.8393333333331	112.08672357401565	112.12457953609355	51.6171362985799	51.7436860799285
a	1678.044666666667	1678.071333333333	113.6151528572581	113.37337724050208	68.46609975316733	68.4878484897484
a	1667.757	1667.787	154.9270923324927	155.29995429695853	70.75763831170529	70.56548988586205
a	1674.562666666667	1674.586	98.72882710302648	98.63597777216799	57.40008409095412	57.83609065781408
a	1678.071333333333	1678.098	110.32853273753008	109.5712031968751	65.80741977981933	65.72331543239262
a	1668.53	1668.56	111.10096394091352	110.00957523121346	65.68581623111999	65.20875838881233
a	1675.8393333333331	1675.8626666666669	112.33214941737432	112.89150187310378	47.36547895276248	47.59641035745606
a	1674.5393333333334	1674.562666666667	104.34254635682602	104.83809511709279	62.57133678766932	62.583293993057296
a	1675.8626666666669	1675.886	--undefined--	112.31507788404694	36.97795064293775	38.11859587039682
a	1667.787	1667.817	141.94780308951968	142.20841232844043	71.056567462219	70.8295576052427
a	1668.56	1668.59	101.46040222696529	102.21562843675686	64.48335963748654	64.59839280479201
a	1667.817	1667.8470000000002	134.1130657195204	134.7830095854279	65.92227895702622	66.18508258800881
a	1674.516	1674.5393333333334	106.90108731360836	110.56026245215742	64.28992485388757	63.92342314747772
a	1668.59	1668.62	103.38610742117675	103.08290931428854	63.29257276441614	62.85155155698704
a	1681.631666666667	1681.668333333333	142.2501629502725	127.67096732013174	48.246722482268055	48.11145402432008
a	1691.932	1691.9620000000002	120.88902534222582	121.3313608080833	67.09526061003359	67.01238098110939
a	1683.652	1683.692	107.46402352371452	104.58898286497298	58.88353887159456	58.43899794606593
a	1683.7320000000002	1683.7720000000002	87.55625663825182	96.00885143590897	35.48317481583635	38.74478250457331
a	1683.692	1683.7320000000002	107.50189207200029	107.99390360759118	50.582090210139974	51.6537598712076
a	1691.902	1691.932	126.7751863911516	126.8285880390993	67.79275807380557	67.53899117687116
a	1709.089	1709.112333333333	111.6393153364968	113.38001543210858	53.25021689448855	53.70375378170627
a	1681.595	1681.631666666667	146.74756298974617	145.76105855754818	50.68581082426404	50.01359030938136
a	1691.9620000000002	1691.9920000000002	119.92263434075703	121.52769171882572	59.080624697403124	60.0056974485744
a	1709.112333333333	1709.1356666666666	113.20556243146679	112.58549626165568	59.46536388173149	59.409269384321234
a	1709.1356666666666	1709.159	110.50665943262884	110.34756028570133	61.058989316630104	60.60565671068125
a	1681.668333333333	1681.705	80.73065637687802	80.85868427342729	41.83496844862997	42.489448075951806
a	1711.9756666666665	1712.0189999999998	113.81022553059603	112.91548694100852	59.1417206072553	59.07728925700006
a	1711.9323333333332	1711.9756666666665	121.7552986108074	121.55142751504302	63.53969593210968	63.287992665714015
a	1713.995666666667	1714.039	108.56023618809192	108.44262759223113	62.37522125346747	62.351589932471754
a	1743.646	1743.6726666666666	114.42538667455301	114.45845888745099	34.001003758867775	33.40513982064044
a	1711.889	1711.9323333333332	--undefined--	126.18555599340806	54.42118761085328	58.24734530731404
a	1713.9089999999999	1713.9523333333334	--undefined--	110.15653423498081	61.03184441400767	60.452089963408554
a	1713.9523333333334	1713.995666666667	107.88578928975501	108.18301388684527	62.44714850269613	62.31272246717956
a	1759.8763333333334	1759.9029999999998	121.6318207196447	121.44112501885304	27.540617407975486	27.632245973134417
a	1748.013333333333	1748.04	--undefined--	116.31146740083759	31.60982565360569	32.41980039432595
a	1747.986666666667	1748.013333333333	116.30947554468872	116.09913470140081	37.687964437486905	37.37107611346871
a	1748.493333333333	1748.52	110.08869467516945	110.51195273269659	36.09208887769333	36.19524933892701
a	1743.6993333333332	1743.726	--undefined--	113.61131090822411	21.93357119831009	23.101344648307155
a	1759.849666666667	1759.8763333333334	121.25273899941317	120.91583377687377	31.000216021644576	30.798076429303762
a	1747.96	1747.986666666667	113.3907662038975	114.07259770815912	36.75779131462865	36.58728147084676
a	1748.44	1748.466666666667	--undefined--	--undefined--	31.519640604980676	32.26734642509501
a	1759.8229999999999	1759.849666666667	120.19877618492939	120.37792697116609	30.862761794455935	30.739940728488108
a	1760.033	1760.0563333333332	124.40282753184569	124.51754391598735	28.061962977201855	28.07909704069462
a	1748.466666666667	1748.493333333333	112.98696147496047	112.74363174680094	37.47429880819538	37.105169028916805
a	1743.6726666666666	1743.6993333333332	113.71706346636995	113.69542275651376	30.608840004530975	30.80052127965482
a	1787.808	1787.831333333333	107.19717296156429	106.4517904262603	62.36011444623542	62.156077277133434
a	1765.408666666667	1765.4353333333331	118.12045455143777	118.09402459647205	63.902469512925336	63.704040537146454
a	1763.2866666666666	1763.323333333333	174.60567655959036	174.1411757432096	65.97828884047478	66.0873284889725
a	1787.8546666666666	1787.878	103.54612446599612	103.4656744780761	59.79941680774386	59.75942433877877
a	1762.6533333333332	1762.6799999999996	139.97790354182243	139.0010856076313	67.23344765713428	67.14685805406074
a	1760.0563333333332	1760.0796666666665	124.66268163357132	124.62470079524344	29.387459823921397	29.143977291188108
a	1762.6	1762.6266666666666	154.84893460088668	151.33457524134164	60.92054358526787	63.85844201008198
a	1792.496333333333	1792.5196666666666	109.50596746520469	107.10768700451284	59.48870204940983	59.07499130272059
a	1762.6266666666666	1762.6533333333332	144.22536534848408	142.85796885335915	69.98634126402087	69.76995405036873
a	1765.382	1765.408666666667	117.42403397374056	117.64222348694709	61.833364846026086	61.93339126579061
a	1763.25	1763.2866666666666	167.76931490106418	167.82677782901985	69.52023607846277	69.11323282323126
a	1760.0796666666665	1760.1029999999996	125.15456631601907	125.09899137640276	26.147192795187518	26.326001745459664
a	1787.831333333333	1787.8546666666666	104.17629076694475	104.27851367223101	62.546134098294715	62.53476143163777
a	1763.323333333333	1763.36	165.2845114255285	165.38925614439395	56.242488720718285	57.82192910297851
a	1792.473	1792.496333333333	--undefined--	106.93458559173283	52.85011090114073	53.9084164478085
a	1765.4353333333331	1765.4620000000002	119.08465759587321	118.42321526135416	62.8931966036378	62.8875095430604
a	1797.4133333333332	1797.4499999999996	101.99651814280611	101.7421882068522	43.83495333011501	44.73623198209499
a	1794.006333333333	1794.033	123.88269254541297	122.96842320162315	61.42111527969198	62.13743965071384
a	1828.601	1828.627666666667	159.02948507144683	159.11784587174915	65.76561771239285	65.58863712481822
a	1817.766	1817.802666666667	--undefined--	139.61015670520143	29.82308684863066	29.687502958267583
a	1793.9796666666666	1794.006333333333	126.35864079846488	126.16617877786595	67.64497389350315	67.29000318201408
a	1828.6543333333332	1828.681	150.9468102822896	149.955966112064	53.08607793156761	54.11034237181329
a	1817.802666666667	1817.8393333333331	--undefined--	--undefined--	29.591432048813502	29.383140309081462
a	1798.196666666667	1798.22	103.02422171372454	102.56229899277535	41.858923067647304	42.0775714202959
a	1792.5196666666666	1792.543	101.67302511953183	101.72204785164739	56.677028664682965	56.713512091833266
a	1828.627666666667	1828.6543333333332	157.3706563146366	157.0301973594295	62.04638517057582	62.152919017611204
a	1797.34	1797.3766666666666	--undefined--	121.4269422081528	36.22781711643881	39.98665991484488
a	1817.8393333333331	1817.876	--undefined--	--undefined--	19.779537896780948	21.434362608210566
a	1798.1733333333334	1798.196666666667	94.80209796350587	96.77354768622118	46.403748441652546	46.53297070641332
a	1793.953	1793.9796666666666	--undefined--	125.83032223551479	62.87300803630333	63.80879935827604
a	1798.15	1798.1733333333334	95.02100253712656	96.34267238258674	49.63797528906573	49.37248339750222
a	1797.3766666666666	1797.4133333333332	111.88097724608788	114.1559545589562	51.08735482366036	49.887896870495126
a	1831.497	1831.5203333333332	--undefined--	--undefined--	34.31404334954461	33.40338693853443
a	1843.445	1843.4716666666666	150.67477127325625	150.772712665173	75.6908719232101	75.48737531980264
a	1830.747	1830.777	109.76679016622738	109.76695139828618	32.22360828485567	31.868171906892133
a	1857.8543333333328	1857.881	101.43573054819163	101.57183636553003	59.0659454080926	58.99232278717774
a	1842.881666666667	1842.905	141.03411966587254	140.85758733091788	73.91262129900588	73.91158382215016
a	1857.8010000000002	1857.8276666666666	106.00749395970922	105.94890669923923	58.99481524780627	59.003250291757176
a	1842.8583333333331	1842.881666666667	140.66646651048637	141.0040619814472	74.22846098988893	74.25170711614639
a	1857.8276666666666	1857.8543333333328	102.12040326627388	102.82150729240888	60.628558846885184	60.60773312301894
a	1831.5203333333332	1831.543666666667	--undefined--	105.40585254772654	30.17784186514092	30.378418877789017
a	1851.715	1851.755	169.51840714486525	174.85029338006188	64.5493863246153	66.31344725065527
a	1830.717	1830.747	--undefined--	110.6491216837394	32.45202182048997	32.06800153459097
a	1851.675	1851.715	141.81885886037188	140.68666976561346	70.88123338557756	70.44213541361208
a	1830.777	1830.807	107.92560688348064	108.14133537966012	23.577024447748496	25.136638559958826
a	1831.543666666667	1831.567	105.52432782052594	105.46613691510566	25.443637390328256	25.7776088932037
a	1851.635	1851.675	114.6067437224085	115.50029931424751	62.89177027243819	63.7006453319735
a	1843.4716666666666	1843.4983333333328	151.90182127784212	151.68709835405073	77.25936265923957	77.25320683981957
a	1842.835	1842.8583333333331	144.96161125456325	144.3885326514227	74.37752555687051	74.1224309972665
a	1843.4983333333328	1843.525	150.68816332886726	150.50277590626882	76.8355209341079	76.65657181257299
a	1896.4779999999998	1896.5213333333331	120.23255509317676	120.69173503467599	67.44294535343846	67.57756147884139
a	1886.849	1886.879	118.34774322357006	117.4919518337194	57.849313391512716	57.92380796745236
a	1886.879	1886.909	117.41550621909543	117.74117247469017	54.23774118293612	54.32779959450681
a	1896.5213333333331	1896.5646666666669	119.23644200391848	119.40975202694729	65.51071058032566	65.58086438892917
a	1915.572333333333	1915.599	--undefined--	--undefined--	18.00642547865692	18.613085855219484
a	1915.5456666666666	1915.572333333333	133.3609924285265	133.09240340510354	24.643377190319995	25.289378023802506
a	1896.5646666666669	1896.608	118.28518908498097	116.66381139738604	59.933485367812295	60.33067711295093
a	1915.519	1915.5456666666666	126.52283826750917	126.32810351304819	30.941721184644337	31.076101673980347
a	1886.819	1886.849	--undefined--	117.80787376840118	57.29052822704136	57.2788532500767
a	1937.2416666666666	1937.265	111.32766203297015	110.7972717161244	59.09921487195293	59.72593366965903
a	1949.5106666666666	1949.534	--undefined--	--undefined--	41.3500757550739	41.36050742970504
a	1937.195	1937.2183333333328	116.59828921422165	117.14792902706547	65.7915177288237	65.6930363522291
a	1931.214	1931.244	--undefined--	138.69014364395198	39.316727629169684	38.453088837247705
a	1949.464	1949.487333333333	--undefined--	--undefined--	36.62381268325222	36.86993182604527
a	1937.2183333333328	1937.2416666666666	117.29511111009572	117.48534305264711	65.36726164558327	65.18535048697143
a	1951.668	1951.6913333333328	119.45043664728287	119.4303409054411	70.44477928329636	70.14940402709311
a	1951.6913333333328	1951.7146666666665	117.00945962663593	117.39303596429018	69.38389104125622	69.39416377325267
a	1932.974	1932.9973333333328	--undefined--	--undefined--	35.36268808087329	36.02717024481612
a	1951.7146666666665	1951.738	115.00579463368621	115.09610179625696	66.95853046160742	67.06204058304277
a	1931.244	1931.274	147.61133004164896	145.82709276210926	33.024220010425466	33.230302408047535
a	1932.9973333333328	1933.0206666666666	114.34660915613946	114.27208602489884	41.13873808910298	40.86206387519713
a	1931.274	1931.304	--undefined--	--undefined--	17.296587145219288	20.774598072586677
a	1933.0206666666666	1933.044	112.56002458239116	111.89234138981904	39.084355617249535	39.10698089427542
a	1949.487333333333	1949.5106666666666	--undefined--	--undefined--	40.38096880777909	40.19410967186619
a	2014.6423333333328	2014.679	--undefined--	96.89389781007154	36.86851837147717	39.03170119622882
a	1982.8429999999998	1982.8729999999998	--undefined--	563.318621174039	41.09856487130984	52.85545485579388
a	2010.3003333333331	2010.3470000000002	--undefined--	--undefined--	25.614290191884287	25.973776989224916
a	2014.569	2014.6056666666666	118.35259635231618	119.43941634738262	51.694515219766195	50.269421825731285
a	1962.6470000000002	1962.6970000000001	129.87573133425732	129.9581087470959	69.83219862961424	70.2000898026495
a	1962.5970000000002	1962.6470000000002	--undefined--	133.7033433864422	37.14853879565985	53.37748742592136
a	1962.6970000000001	1962.747	119.69243070968453	123.09735145708305	73.54305722396536	72.56878114602414
a	2010.253666666667	2010.3003333333331	--undefined--	94.39519328158015	29.980389628880655	29.234710934788133
a	2010.207	2010.253666666667	--undefined--	147.20755276374388	29.115868854766997	27.795283628076778
a	1952.108	1952.1346666666666	122.44153545930565	119.37770292501905	64.02407198530749	63.49768647858821
a	1982.9029999999998	1982.933	132.36357124225208	132.5158158854301	68.95029916683254	68.28042980547953
a	2017.2839999999999	2017.3239999999998	194.43167934836754	194.3715856655802	70.64515215180208	70.0114445255479
a	2001.618	2001.6446666666666	--undefined--	--undefined--	69.54253972269804	71.27555274139395
a	1988.183	1988.213	124.85609814160902	124.99008627034402	75.26439108398661	75.46419389970149
a	2006.9833333333331	2007.01	114.67642387836507	114.56306445960107	65.93812485161666	65.66850052452877
a	2001.6446666666666	2001.6713333333328	--undefined--	148.78392403672453	78.60590133998335	78.50428778819622
a	1982.8729999999998	1982.9029999999998	--undefined--	137.13453037186568	66.34007326491806	66.26885140344234
a	1977.9520000000002	1977.9820000000002	129.81576133134482	128.88599033714897	70.24419255507873	69.98216725205361
a	2001.6713333333328	2001.698	146.83610487002005	146.84877663253283	78.53689877739147	78.09479524850906
a	1988.1229999999998	1988.1529999999998	133.59741818339532	133.52332661132482	77.47205338854364	77.29294951589127
a	1977.892	1977.922	141.29146796509278	142.50766028910886	73.03123611979535	72.84154385119763
a	1952.1346666666666	1952.1613333333328	115.33951667346236	115.30718814393111	64.85766170302543	64.85661962109936
a	2014.6056666666666	2014.6423333333328	105.14105235628833	106.74554560264686	46.72205777570645	47.009359113624576
a	2006.93	2006.956666666667	117.9183601842951	118.29029410782337	68.19626549676231	67.96856033140364
a	1977.922	1977.9520000000002	137.77025247862454	137.76259308094737	73.70434478065091	73.39316578028952
a	1988.1529999999998	1988.183	128.25536912415967	128.30802152402507	77.49056674485013	77.44680077150717
a	2006.956666666667	2006.9833333333331	115.98194827694637	115.9966701904279	67.04843809113518	67.12788426822974
a	1952.1613333333328	1952.188	115.27038731101969	114.99180182219555	64.33835626860736	64.04486138079423
a	2022.047	2022.073666666667	171.71207658527214	171.8842555822336	71.21853693497414	71.04746857697282
a	2030.2586666666666	2030.3020000000001	101.31057447969211	100.02270635991614	63.593930552834635	63.21484321954932
a	2030.215333333333	2030.2586666666666	94.83216812575758	95.48280052456988	63.61562383733752	64.09673971331262
a	2017.3239999999998	2017.364	194.82020958187002	194.12082267428448	70.4172855418284	70.36465866479497
a	2017.364	2017.404	178.89544820134702	178.73780449006185	68.31923344387322	67.91028399937345
a	2035.035333333333	2035.0620000000001	99.17180315448825	99.32601309992178	58.403139090020765	58.22074043338806
a	2022.100333333333	2022.1270000000002	182.32717888300598	181.64031124705664	66.07753195071545	66.34172681745366
a	2030.172	2030.215333333333	99.88313002122774	96.76412566991355	66.08445115431343	65.78132963093849
a	2035.0086666666666	2035.035333333333	99.51619881197973	99.86335300995285	60.231857266916116	60.28994820206129
a	2034.9820000000002	2035.0086666666666	97.3816723452735	99.05770072457668	61.5761708378955	61.45354202991377
a	2022.073666666667	2022.100333333333	180.58356117600798	180.31572954613952	71.36092463516691	71.18706727818343
